"2","Antonette","et ea vero quia laudantium autem","delectus reiciendis molestiae occaecati non minima eveniet qui voluptatibus
accusamus in eum beatae sit
vel qui neque voluptates ut commodi qui incidunt
ut animi commodi"
"2","Antonette","in quibusdam tempore odit est dolorem","itaque id aut magnam
praesentium quia et ea odit et ea voluptas et
sapiente quia nihil amet occaecati quia id voluptatem
incidunt ea est distinctio odio"
"2","Antonette","dolorum ut in voluptas mollitia et saepe quo animi","aut dicta possimus sint mollitia voluptas commodi quo doloremque
iste corrupti reiciendis voluptatem eius rerum
sit cumque quod eligendi laborum minima
perferendis recusandae assumenda consectetur porro architecto ipsum ipsam"
"2","Antonette","voluptatem eligendi optio","fuga et accusamus dolorum perferendis illo voluptas
non doloremque neque facere
ad qui dolorum molestiae beatae
sed aut voluptas totam sit illum"
"2","Antonette","eveniet quod temporibus","reprehenderit quos placeat
velit minima officia dolores impedit repudiandae molestiae nam
voluptas recusandae quis delectus
officiis harum fugiat vitae"
"2","Antonette","sint suscipit perspiciatis velit dolorum rerum ipsa laboriosam odio","suscipit nam nisi quo aperiam aut
asperiores eos fugit maiores voluptatibus quia
voluptatem quis ullam qui in alias quia est
consequatur magni mollitia accusamus ea nisi voluptate dicta"
"2","Antonette","fugit voluptas sed molestias voluptatem provident","eos voluptas et aut odit natus earum
aspernatur fuga molestiae ullam
deserunt ratione qui eos
qui nihil ratione nemo velit ut aut id quo"
"2","Antonette","voluptate et itaque vero tempora molestiae","eveniet quo quis
laborum totam consequatur non dolor
ut et est repudiandae
est voluptatem vel debitis et magnam"
"2","Antonette","adipisci placeat illum aut reiciendis qui","illum quis cupiditate provident sit magnam
ea sed aut omnis
veniam maiores ullam consequatur atque
adipisci quo iste expedita sit quos voluptas"
"2","Antonette","doloribus ad provident suscipit at","qui consequuntur ducimus possimus quisquam amet similique
suscipit porro ipsam amet
eos veritatis officiis exercitationem vel fugit aut necessitatibus totam
omnis rerum consequatur expedita quidem cumque explicabo"
"2","Antonette","Presley.Mueller@myrl.com","doloribus at sed quis culpa deserunt consectetur qui praesentium
accusamus fugiat dicta
voluptatem rerum ut voluptate autem
voluptatem repellendus aspernatur dolorem in"
"2","Antonette","Dallas@ole.me","maiores sed dolores similique labore et inventore et
quasi temporibus esse sunt id et
eos voluptatem aliquam
aliquid ratione corporis molestiae mollitia quia et magnam dolor"
"2","Antonette","Mallory_Kunze@marie.org","ut voluptatem corrupti velit
ad voluptatem maiores
et nisi velit vero accusamus maiores
voluptates quia aliquid ullam eaque"
"2","Antonette","Meghan_Littel@rene.us","sapiente assumenda molestiae atque
adipisci laborum distinctio aperiam et ab ut omnis
et occaecati aspernatur odit sit rem expedita
quas enim ipsam minus"
"2","Antonette","Carmen_Keeling@caroline.name","voluptate iusto quis nobis reprehenderit ipsum amet nulla
quia quas dolores velit et non
aut quia necessitatibus
nostrum quaerat nulla et accusamus nisi facilis"
"2","Antonette","et ea vero quia laudantium autem","delectus reiciendis molestiae occaecati non minima eveniet qui voluptatibus
accusamus in eum beatae sit
vel qui neque voluptates ut commodi qui incidunt
ut animi commodi"
"2","Antonette","in quibusdam tempore odit est dolorem","itaque id aut magnam
praesentium quia et ea odit et ea voluptas et
sapiente quia nihil amet occaecati quia id voluptatem
incidunt ea est distinctio odio"
"2","Antonette","dolorum ut in voluptas mollitia et saepe quo animi","aut dicta possimus sint mollitia voluptas commodi quo doloremque
iste corrupti reiciendis voluptatem eius rerum
sit cumque quod eligendi laborum minima
perferendis recusandae assumenda consectetur porro architecto ipsum ipsam"
"2","Antonette","voluptatem eligendi optio","fuga et accusamus dolorum perferendis illo voluptas
non doloremque neque facere
ad qui dolorum molestiae beatae
sed aut voluptas totam sit illum"
"2","Antonette","eveniet quod temporibus","reprehenderit quos placeat
velit minima officia dolores impedit repudiandae molestiae nam
voluptas recusandae quis delectus
officiis harum fugiat vitae"
"2","Antonette","sint suscipit perspiciatis velit dolorum rerum ipsa laboriosam odio","suscipit nam nisi quo aperiam aut
asperiores eos fugit maiores voluptatibus quia
voluptatem quis ullam qui in alias quia est
consequatur magni mollitia accusamus ea nisi voluptate dicta"
"2","Antonette","fugit voluptas sed molestias voluptatem provident","eos voluptas et aut odit natus earum
aspernatur fuga molestiae ullam
deserunt ratione qui eos
qui nihil ratione nemo velit ut aut id quo"
"2","Antonette","voluptate et itaque vero tempora molestiae","eveniet quo quis
laborum totam consequatur non dolor
ut et est repudiandae
est voluptatem vel debitis et magnam"
"2","Antonette","adipisci placeat illum aut reiciendis qui","illum quis cupiditate provident sit magnam
ea sed aut omnis
veniam maiores ullam consequatur atque
adipisci quo iste expedita sit quos voluptas"
"2","Antonette","doloribus ad provident suscipit at","qui consequuntur ducimus possimus quisquam amet similique
suscipit porro ipsam amet
eos veritatis officiis exercitationem vel fugit aut necessitatibus totam
omnis rerum consequatur expedita quidem cumque explicabo"
